snapshot_date,warehouse_id,product_id,opening_qty
2025-01-01,WH001,P001,440
2025-01-01,WH002,P001,340
2025-01-01,WH003,P001,260
2025-01-01,WH001,P002,320
2025-01-01,WH002,P002,285
2025-01-01,WH003,P002,180
2025-01-01,WH001,P003,300
2025-01-01,WH002,P003,260
2025-01-01,WH003,P003,185
2025-01-01,WH001,P004,275
2025-01-01,WH002,P004,210
2025-01-01,WH003,P004,165
2025-01-01,WH001,P005,520
2025-01-01,WH002,P005,470
2025-01-01,WH003,P005,300
2025-01-01,WH001,P006,330
2025-01-01,WH002,P006,270
2025-01-01,WH003,P006,195
2025-01-01,WH001,P007,250
2025-01-01,WH002,P007,220
2025-01-01,WH003,P007,150
2025-01-01,WH001,P008,290
2025-01-01,WH002,P008,235
2025-01-01,WH003,P008,175
2025-01-01,WH001,P009,350
2025-01-01,WH002,P009,280
2025-01-01,WH003,P009,205
2025-01-01,WH001,P010,260
2025-01-01,WH002,P010,225
2025-01-01,WH003,P010,150
2025-01-01,WH001,P011,275
2025-01-01,WH002,P011,230
2025-01-01,WH003,P011,160
2025-01-01,WH001,P012,350
2025-01-01,WH002,P012,275
2025-01-01,WH003,P012,205
2025-01-01,WH001,P013,300
2025-01-01,WH002,P013,250
2025-01-01,WH003,P013,165
2025-01-01,WH001,P014,220
2025-01-01,WH002,P014,180
2025-01-01,WH003,P014,130
2025-01-01,WH001,P015,195
2025-01-01,WH002,P015,170
2025-01-01,WH003,P015,120
2025-01-01,WH001,P016,185
2025-01-01,WH002,P016,150
2025-01-01,WH003,P016,105
2025-01-01,WH001,P017,165
2025-01-01,WH002,P017,140
2025-01-01,WH003,P017,95
2025-01-01,WH001,P018,235
2025-01-01,WH002,P018,200
2025-01-01,WH003,P018,135
2025-01-01,WH001,P019,170
2025-01-01,WH002,P019,145
2025-01-01,WH003,P019,100
2025-01-01,WH001,P020,250
2025-01-01,WH002,P020,215
2025-01-01,WH003,P020,145
2025-01-01,WH001,P021,325
2025-01-01,WH002,P021,270
2025-01-01,WH003,P021,175
2025-01-01,WH001,P022,285
2025-01-01,WH002,P022,225
2025-01-01,WH003,P022,170
2025-01-01,WH001,P023,290
2025-01-01,WH002,P023,245
2025-01-01,WH003,P023,170
2025-01-01,WH001,P024,180
2025-01-01,WH002,P024,155
2025-01-01,WH003,P024,105
2025-01-01,WH001,P025,255
2025-01-01,WH002,P025,210
2025-01-01,WH003,P025,150
2025-01-01,WH001,P026,165
2025-01-01,WH002,P026,135
2025-01-01,WH003,P026,95
2025-01-01,WH001,P027,215
2025-01-01,WH002,P027,185
2025-01-01,WH003,P027,125
2025-01-01,WH001,P028,145
2025-01-01,WH002,P028,120
2025-01-01,WH003,P028,85
2025-01-01,WH001,P029,200
2025-01-01,WH002,P029,165
2025-01-01,WH003,P029,115
2025-01-01,WH001,P030,165
2025-01-01,WH002,P030,140
2025-01-01,WH003,P030,100
2025-01-01,WH001,P031,160
2025-01-01,WH002,P031,135
2025-01-01,WH003,P031,110
2025-01-01,WH001,P032,145
2025-01-01,WH002,P032,120
2025-01-01,WH003,P032,100
2025-01-01,WH001,P033,135
2025-01-01,WH002,P033,115
2025-01-01,WH003,P033,95
2025-01-01,WH001,P034,135
2025-01-01,WH002,P034,110
2025-01-01,WH003,P034,95
2025-01-01,WH001,P035,85
2025-01-01,WH002,P035,70
2025-01-01,WH003,P035,60
2025-01-01,WH001,P036,125
2025-01-01,WH002,P036,105
2025-01-01,WH003,P036,90
2025-01-01,WH001,P037,155
2025-01-01,WH002,P037,130
2025-01-01,WH003,P037,110
2025-01-01,WH001,P038,145
2025-01-01,WH002,P038,120
2025-01-01,WH003,P038,105
2025-01-01,WH001,P039,145
2025-01-01,WH002,P039,120
2025-01-01,WH003,P039,105
2025-01-01,WH001,P040,110
2025-01-01,WH002,P040,90
2025-01-01,WH003,P040,75
